project_id,title,theme,source
185346,Mario Game,game,scratch_search_popular
907856686,Suika Game (watermelon game),game,scratch_search_popular
115303217,Game,game,scratch_search_popular
11710850,Maze Game,game,scratch_search_popular
336338957,Miner cat - Game,game,scratch_search_popular
836040447,Mario Game,game,scratch_search_popular
10318822,The Impossible Game,game,scratch_search_popular
141677189,ESCAPE [GAME],game,scratch_search_popular
157221,3D Plane Game v2.3,game,scratch_search_popular
911281961,Suika Game / スイカゲーム,game,scratch_search_popular
