project_id,title,author,views,loves,favorites,comments,remix_count,theme,source
185346,Mario Game,Zelda123,3589834,26928,21451,0,0,game,scratch_search_popular
907856686,Suika Game (watermelon game),jebiminecraft,1734588,9271,8346,0,0,game,scratch_search_popular
115303217,Game,mariadoru,560046,6413,5188,0,0,game,scratch_search_popular
11710850,Maze Game,AlSweigart,1802710,13908,10685,0,0,game,scratch_search_popular
336338957,Miner cat - Game,Coltroc,2618320,38528,33977,0,0,game,scratch_search_popular
836040447,Mario Game,NormanTheGamer,1215783,14138,12080,0,0,game,scratch_search_popular
10318822,The Impossible Game,shadowspear1,2558110,26770,23366,0,0,game,scratch_search_popular
141677189,ESCAPE [GAME],_Elektron_,585074,9485,7344,0,0,game,scratch_search_popular
157221,3D Plane Game v2.3,blob8108,1991487,18803,16476,0,0,game,scratch_search_popular
911281961,Suika Game / スイカゲーム,-SolarCode-,2697394,13263,12367,0,0,game,scratch_search_popular
